"id","text","created_at","source","service","likes","shares","comments"
"demo_post_1","DemoService est top qualité, je suis très content. #DemoService34","2025-08-26T21:24:11.401901","demo","DemoService","64","35","2"
"demo_post_2","DemoService est décevant, je ne suis pas satisfait.","2025-08-26T06:24:11.401901","demo","DemoService","21","9","14"
"demo_post_3","DemoService ne vaut pas le prix, déception.","2025-08-29T20:24:11.401901","demo","DemoService","17","10","4"
"demo_post_4","DemoService est top qualité, je suis très content.","2025-09-12T21:24:11.401901","demo","DemoService","24","42","5"
"demo_post_5","DemoService ne vaut pas le prix, déception.","2025-09-06T09:24:11.401901","demo","DemoService","26","44","19"
"demo_post_6","Que du positif avec DemoService, bravo à l'équipe ! #DemoService92","2025-08-28T20:24:11.401901","demo","DemoService","44","7","2"
"demo_post_7","Service client inexistant chez DemoService, catastrophe.","2025-09-13T10:24:11.401901","demo","DemoService","57","45","2"
"demo_post_8","DemoService est décevant, je ne suis pas satisfait. #DemoService11","2025-09-06T21:24:11.401901","demo","DemoService","35","39","15"
"demo_post_9","DemoService est utilisable, c'est le principal.","2025-09-12T06:24:11.401901","demo","DemoService","11","43","14"
"demo_post_10","Je déteste DemoService, c'est nul. #DemoService78","2025-09-06T22:24:11.401901","demo","DemoService","61","28","18"
"demo_post_11","DemoService a changé ma vie, c'est incroyable ! #DemoService64","2025-08-26T14:24:11.401901","demo","DemoService","35","32","7"
"demo_post_12","DemoService est utilisable, c'est le principal. #DemoService29","2025-08-22T12:24:11.401901","demo","DemoService","64","9","3"
"demo_post_13","DemoService est comme les autres, standard. #DemoService90","2025-09-09T12:24:11.401901","demo","DemoService","48","12","12"
"demo_post_14","J'adore DemoService ! C'est vraiment génial et super pratique. #DemoService62","2025-08-25T16:24:11.401901","demo","DemoService","20","11","10"
"demo_post_15","Je suis fan de DemoService, c'est le meilleur ! #DemoService52","2025-09-01T12:24:11.401901","demo","DemoService","94","14","1"
"demo_post_16","DemoService a changé ma vie, c'est incroyable !","2025-09-21T08:24:11.401901","demo","DemoService","12","31","10"
"demo_post_17","DemoService est lent et bugué, pas content. #DemoService40","2025-09-12T09:24:11.401901","demo","DemoService","22","14","0"
"demo_post_18","Expérience normale avec DemoService, sans surprise. #DemoService17","2025-08-29T00:24:11.401901","demo","DemoService","59","8","6"
"demo_post_19","DemoService a changé ma vie, c'est incroyable !","2025-08-28T17:24:11.401901","demo","DemoService","17","33","16"
"demo_post_20","Je déteste DemoService, c'est nul.","2025-08-23T10:24:11.401901","demo","DemoService","91","2","11"
"demo_post_21","Rien à dire sur DemoService, c'est passable. #DemoService17","2025-08-23T18:24:11.401901","demo","DemoService","86","23","0"
"demo_post_22","DemoService ne fonctionne pas correctement, problématique. #DemoService76","2025-09-03T04:24:11.401901","demo","DemoService","28","6","14"
"demo_post_23","DemoService est comme les autres, standard.","2025-09-20T17:24:11.401901","demo","DemoService","37","7","9"
"demo_post_24","J'ai testé DemoService, c'est correct sans plus.","2025-09-20T18:24:11.401901","demo","DemoService","99","46","12"
"demo_post_25","Que du positif avec DemoService, bravo à l'équipe !","2025-08-25T02:24:11.401901","demo","DemoService","87","49","9"
"demo_post_26","Mauvaise expérience avec DemoService, déçu.","2025-09-07T13:24:11.401901","demo","DemoService","13","4","2"
"demo_post_27","Service client inexistant chez DemoService, catastrophe.","2025-09-08T05:24:11.401901","demo","DemoService","66","39","15"
"demo_post_28","Utilisation normale de DemoService, sans problème.","2025-09-17T22:24:11.401901","demo","DemoService","100","5","1"
"demo_post_29","DemoService est utilisable, c'est le principal.","2025-09-14T20:24:11.401901","demo","DemoService","23","42","18"
"demo_post_30","DemoService ne vaut pas le prix, déception.","2025-08-27T22:24:11.401901","demo","DemoService","74","14","10"
"demo_post_31","DemoService ne vaut pas le prix, déception.","2025-09-16T11:24:11.401901","demo","DemoService","46","22","17"
"demo_post_32","DemoService est lent et bugué, pas content.","2025-09-08T00:24:11.401901","demo","DemoService","53","41","5"
"demo_post_33","DemoService a changé ma vie, c'est incroyable ! #DemoService18","2025-09-12T18:24:11.401901","demo","DemoService","28","35","4"
"demo_post_34","DemoService a changé ma vie, c'est incroyable ! #DemoService66","2025-09-21T03:24:11.401901","demo","DemoService","17","33","3"
"demo_post_35","DemoService est décevant, je ne suis pas satisfait. #DemoService50","2025-09-18T04:24:11.401901","demo","DemoService","45","23","1"
"demo_post_36","Utilisation normale de DemoService, sans problème. #DemoService51","2025-09-07T15:24:11.401901","demo","DemoService","8","6","17"
"demo_post_37","DemoService est un service que j'utilise régulièrement. #DemoService74","2025-08-29T16:24:11.401901","demo","DemoService","30","15","9"
"demo_post_38","Super expérience avec DemoService, je recommande !","2025-09-17T03:24:11.401901","demo","DemoService","73","2","6"
"demo_post_39","Service moyen avec DemoService, ni bon ni mauvais. #DemoService36","2025-08-25T01:24:11.401901","demo","DemoService","22","35","0"
"demo_post_40","Excellent service client chez DemoService, très réactif. #DemoService9","2025-09-19T23:24:11.401901","demo","DemoService","54","10","9"
"demo_post_41","Je regrette d'avoir choisi DemoService, mauvais choix.","2025-09-09T17:24:11.401901","demo","DemoService","8","15","0"
"demo_post_42","DemoService est lent et bugué, pas content.","2025-09-10T09:24:11.401901","demo","DemoService","69","5","13"
"demo_post_43","DemoService est un service que j'utilise régulièrement.","2025-09-06T03:24:11.401901","demo","DemoService","80","28","19"
"demo_post_44","DemoService est excellent, je recommande vivement !","2025-08-22T19:24:11.401901","demo","DemoService","62","35","18"
"demo_post_45","DemoService est excellent, je recommande vivement !","2025-09-04T20:24:11.401901","demo","DemoService","82","35","9"
"demo_post_46","DemoService remplit ses fonctions basiques.","2025-08-22T23:24:11.401901","demo","DemoService","16","42","4"
"demo_post_47","DemoService est utilisable, c'est le principal.","2025-09-15T23:24:11.401901","demo","DemoService","99","48","1"
"demo_post_48","Service médiocre avec DemoService, à éviter.","2025-09-03T07:24:11.401901","demo","DemoService","53","37","7"
"demo_post_49","Service médiocre avec DemoService, à éviter. #DemoService96","2025-09-12T04:24:11.401901","demo","DemoService","8","8","14"
"demo_post_50","Service moyen avec DemoService, ni bon ni mauvais. #DemoService63","2025-09-09T14:24:11.401901","demo","DemoService","23","33","6"
